AbscCurve,AccCO2,AccChill,AccDMToFruit,AccDegDays,AccTmin5,AccTotLeafArea,ActiveLeafArea,AvgCO2,CO2toFruit,CO2toFruit4DayTot,CarbonDmFruit,CurrentFruit,CurrentFruitDiv,DailyCarbonBal,DailyCtoFruit,DailyExtShtLAInc,DailyFruitFW,DailyFruitR,DailyLeafR,DailyPnRate,DailyPnTotal,DailyRad,DailyResp,DailySpurLeafAreaInc,DailyWoodR,DayLength,DeltaFruitWeight,DmFwFruit,FractGrwngShoots,FractGrwngSpurs,FractLeafAbcission,FruitAbscission,FruitDMToCO2,FruitDemand,FruitFrctAbsc,FruitGRDmDay,FruitGrowthPctMax,FruitTemp,FruitTotWeight,GDDs,GrowthRPerSpur,HandThin,LeafAreaIndex,LeafTempDk,MaxFGRate,MeanFruitWt,MiscTempEffect,ModFrAbsc,NoExtGrwngShts,NumGrwngShoots,NumGrwngSpurs,PChemEff,PestTrtPnEff,Pmax,PmaxTempAdj,RateFruitR,RateLeafR,RateWoodR,RelPartFruit,RelPartShoot,RelRootPart,RelWoodPart,RootDemand,ShootDemand,ShootGrowthPerExt,SoilTemp,SumRelParts,TIntFrt,TMultiplierFG,TSlopeFrt,TempEffPn,TempEffRoots,TempIntLF,TempMax,TempMaxFruitGrowth,TempMean,TempMin,TimeInterval,TotalDemand,TotalPAR,WoodDemand,WoodSurfArea,WoodTRespInt,WoodTemp,accum_CO2,dd4cAccum
0,0,0,0.0,0,0,0,0,0.0,0.0,0.0,0.5,300,300,0,0.0,0.015735555555555558,0.0,0.04350554297058008,0.0,0.0,0.0,5.538317767416142,0.9246862056531557,0.022535100000000006,0.8811806626825757,38420.05485218581,0,6.667,0.5,0.405,0,0,0.5,0.28998550072496376,0,0.0014999250037498126,100,8.055555555555555,30.0,4.055555555555555,0.02,0,0.0,6.111111111111112,0.01,0.1,0.2138888888888889,0,0,97.0,277.83000000000004,2.0,1,0.000246,0.0002228429222065458,0.001933579687581337,1.8286359871750848,0.753145865540663,0.014499275036248205,2.0096370000000006,0.010727272727272918,0.029166666666666785,2.145454545454545,2.1609000000000003,0.02,9,2.0640302144301885,0.01,0.32222222222222224,0.1,0.9058655374249829,0.236,0.025,13.88888888888889,0.0032222222222222227,8.055555555555555,2.2222222222222223,0,6.540784490623954,2.769158883708071,1.9444444444444446,1.17,0.005,8.055555555555555,0.0,0.0
0,0,0,0.0,4.055555555555555,0,0.03827065555555556,0.03827065555555556,0.0,0.0,0.0,0.5,300,300,0,0.0,0.005219162839506177,0.0,0.03297721496105725,0.06214837165017833,0.02530891167709056,0.12907544955316186,13.796881588942249,0.8633930607256534,0.007946170901234574,0.7682674741144179,38598.64551031039,0,6.667,0.5263611111111111,0.4532611111111111,0,0,0.5,0.18999050047497631,0,0.0014999250037498126,100,5.277777777777779,30.0,1.2777777777777786,0.0203,0,0.007504050108932464,4.444444444444445,0.01,0.1,0.11944444444444448,0,15.600000000000001,102.11405555555555,310.93712222222223,2.0625,1,0.0002598,0.0002016323548665497,0.0014656539982692114,1.6239170912544392,0.6563272204109882,0.009499525023748817,1.3378520353971384,0.01088636363636386,0.01628787878787885,2.1772727272727272,1.4385505756958477,0.02,9.25,1.37452580284513,0.01001,0.21111111111111117,0.09994444444444445,0.7761060618419926,0.2395,0.025,7.777777777777779,0.0021111111111111118,5.277777777777779,2.7777777777777777,1,4.891672389302137,6.898440794471124,1.085858585858586,1.1705555555555556,0.005277777777777778,5.277777777777779,0.0,0.0
0,0,0,0.0,5.333333333333334,0,0.051435989296296315,0.051435989296296315,0.0,0.0,0.0,0.5,300,300,0,0.0,0.0053015170370370405,0.0,0.03300048174587116,0.07512721353153676,0.037828947597531956,0.19292763274741295,14.381852604418263,0.9172141166963336,0.008212741185185191,0.8090864214189257,38778.718177708346,0,6.667,0.5346666666666666,0.4684666666666667,0,0,0.5,0.18999050047497631,0,0.0014999250037498126,100,5.277777777777779,30.0,1.2777777777777786,0.0206,0,0.010085488097313003,2.9629629629629632,0.01,0.1,0.11944444444444448,0,31.200000000000003,103.72533333333332,321.36813333333333,2.125,1,0.0002736,0.00023445491428935182,0.001466688077594274,1.4605962587550803,0.690870758327356,0.009499525023748817,1.4631055557131318,0.011045454545454358,0.01628787878787885,2.2090909090909085,1.5732317803367009,0.02,9.5,1.4999384140702139,0.01002,0.21111111111111117,0.09988888888888889,0.8569258563207304,0.243,0.025,12.222222222222223,0.0021111111111111118,5.277777777777779,-1.6666666666666667,2,5.058171775761172,7.190926302209132,1.085858585858586,1.171111111111111,0.005555555555555556,5.277777777777779,0.0,0.0
0,0,0,0.0,6.6111111111111125,0,0.06495024751851855,0.06495024751851855,0.0,0.0,0.0,0.5,300,300,0,0.0,0.0,0.0,0.018965031318632426,0.06954548546130417,0.0289188245077013,0.1474860049892766,7.422286772029841,0.6678199941455855,0.0,0.5793094773656489,38960.219494962024,0,6.667,0.5429722222222222,0.4836722222222223,0,0,0.5,0.0008999550022498876,0,0.0014999250037498126,100,-0.2777777777777779,30.0,0,0.020900000000000002,0,0.012735342650689912,-1.4814814814814816,0.01,0.1,0,0,46.8,105.33661111111111,331.7991444444445,2.1875,1,0.0002874,0.00017650908941340405,0.0008428902808281078,1.0707501221065467,0.49443198637181984,4.4997750112494433e-05,0.0,0.0112045454545453,0.0,2.2409090909090907,0.0,0.02,9.75,0.011249543204657795,0.01003,0.001,0.09983333333333334,0.6141582791002229,0.2465,0.025,3.3333333333333335,1e-05,-0.2777777777777779,-3.8888888888888893,3,2.2418090459113404,3.7111433860149203,0.0,1.1716666666666666,0.005833333333333334,-0.2777777777777779,0.0,0.0
0,0,0,0.0,6.6111111111111125,0,0.06495024751851855,0.06495024751851855,0.0,0.0,0.0,0.5,300,300,0,0.0,0.0,0.0,0.028770469935791368,0.09294496399920806,0.048369184770886524,0.24668284233152127,14.184292133791178,0.9311459223276768,0.0,0.8094304883926774,39143.09567931402,0,6.667,0.5429722222222222,0.4836722222222223,0,0,0.5,0.1401929903504825,0,0.0014999250037498126,100,3.888888888888889,30.0,0,0.0212,0,0.012735342650689912,2.777777777777778,0.01,0.1,0.08555555555555555,0,62.400000000000006,105.33661111111111,331.7991444444445,2.25,1,0.0003012,0.000225914856452428,0.0012786875527018386,1.4310178567480851,0.6905094213776396,0.007009649517524141,1.1981498560681483,0.011363636363636243,0.011666666666666714,2.2727272727272725,1.2883331785679013,0.02,10.0,1.2281898086159755,0.01004,0.1557777777777778,0.09977777777777778,0.7500493242112484,0.25,0.025,7.222222222222222,0.001557777777777778,3.888888888888889,0.5555555555555556,4,4.479031219423434,7.092146066895589,0.7777777777777777,1.172222222222222,0.006111111111111111,3.888888888888889,0.0,0.0
0,0,0,0.0,6.6111111111111125,0,0.06495024751851855,0.06495024751851855,0.0,0.0,0.0,0.5,300,300,0,0.0,0.0,0.0,0.022439514096425577,0.08147729254968224,0.013978478218463156,0.0712902389141621,2.647880334336104,0.8164001139867285,0.0,0.7124833073406207,39327.2925406041,0,6.667,0.5429722222222222,0.4836722222222223,0,0,0.5,0.050647467626618675,0,0.0014999250037498126,100,1.3888888888888888,30.0,0,0.0215,0,0.012735342650689912,0.9259259259259259,0.01,0.1,0.030555555555555558,0,78.0,105.33661111111111,331.7991444444445,2.3125,1,0.000315,0.0001957229230975116,0.0009973117376189146,1.2544569984348637,0.6075177419294729,0.0025323733813309365,0.4501810496203704,0.011613636363636548,0.004166666666666652,2.3227272727272728,0.48406564475308644,0.02025,10.25,0.46849372603200456,0.01005,0.05627777777777778,0.09972222222222223,0.6213426130079733,0.2555,0.025,2.7777777777777777,0.0005627777777777778,1.3888888888888888,0.0,5,3.1352181628847555,1.323940167168052,0.2777777777777778,1.1727777777777777,0.006388888888888889,1.3888888888888888,0.0,0.0
0,0,0,0.0,6.6111111111111125,0,0.06495024751851855,0.06495024751851855,0.0,0.0,0.0,0.5,300,300,0,0.0,0.001872650864197532,0.0,0.030455842073641902,0.0946049677944967,0.02460342404023958,0.12547746260522186,4.810759340770176,1.0434516284296704,0.0029493257283950635,0.9183908185615319,39512.75549732698,0,6.667,0.5429722222222222,0.4836722222222223,0,0,0.5,0.16009199540023,0,0.0014999250037498126,100,4.444444444444445,30.0,0.44444444444444464,0.0218,0,0.012735342650689912,3.1481481481481484,0.01,0.1,0.09777777777777778,0,93.6,105.33661111111111,331.7991444444445,2.375,1,0.0003288,0.0002559611901885597,0.0013535929810507513,1.4565759394145963,0.7827194476376692,0.0080045997700115,1.5131341963496299,0.01186363636363641,0.013333333333333308,2.372727272727273,1.6270260175802471,0.0205,10.5,1.546335765816611,0.01006,0.1778888888888889,0.09966666666666667,0.778470773079561,0.261,0.025,8.333333333333334,0.001778888888888889,4.444444444444445,0.5555555555555556,6,5.048734174596639,2.405379670385088,0.8888888888888888,1.1733333333333333,0.006666666666666666,4.444444444444445,0.0,0.0
0,0,0,0.0,7.055555555555557,0,0.06977222411111116,0.06977222411111116,0.0,0.0,0.0,0.5,300,300,0,0.0,0.0,0.0,0.027285227807987877,0.09741710476775056,0.023201472699138637,0.11832751076560703,4.041114069578406,1.0111762729027338,0.0,0.8864739403269954,39699.429592805966,0,6.667,0.5458611111111111,0.4889611111111112,0,0,0.5,0.12029398530073496,0,0.0014999250037498126,100,3.333333333333333,30.0,0,0.0221,0,0.01368082825708062,2.5925925925925926,0.01,0.1,0.07333333333333333,0,109.19999999999999,105.89705555555555,335.42732222222224,2.4375,1,0.0003426,0.00024265155441102878,0.0012126767914661279,1.3962161305423684,0.7551600059576867,0.006014699265036755,1.200176633817778,0.012113636363636271,0.010000000000000009,2.4227272727272724,1.2905125094814816,0.02075,10.75,1.228304969446451,0.010069999999999999,0.13366666666666666,0.09961111111111112,0.7082648990397805,0.2665,0.025,5.555555555555555,0.0013366666666666666,3.333333333333333,1.1111111111111112,7,4.500200434176156,2.020557034789203,0.6666666666666666,1.1738888888888888,0.006944444444444445,3.333333333333333,0.0,0.0
0,0,0,0.0,7.055555555555557,0,0.06977222411111116,0.06977222411111116,0.0,0.0,0.0,0.5,300,300,0,0.0,0.0,0.0,0.021290563186263142,0.0801023368153973,0.050767892937766367,0.2589162539826084,12.007537806406708,0.8776203562185497,0.0,0.7762274562168893,39887.2595114778,0,6.667,0.5458611111111111,0.4889611111111112,0,0,0.5,0.030748462576871163,0,0.0014999250037498126,100,0.8333333333333335,30.0,0,0.0224,0,0.01368082825708062,-0.18518518518518512,0.01,0.1,0.018333333333333337,0,124.80000000000001,105.89705555555555,335.42732222222224,2.5,1,0.0003564,0.00022844580647090278,0.0009462472527228063,1.148054800257415,0.6609316088885528,0.0015374231288435604,0.3141655325511112,0.012363636363636576,0.0025000000000000022,2.4727272727272727,0.33781240059259265,0.021,11.0,0.33056659204359135,0.01008,0.03416666666666667,0.09955555555555556,0.6409814996377744,0.272,0.025,3.8888888888888893,0.0003416666666666667,0.8333333333333335,-2.2222222222222223,8,3.007954802563403,6.003768903203354,0.16666666666666669,1.1744444444444444,0.007222222222222222,0.8333333333333335,0.0,0.0
0,0,0,0.0,7.055555555555557,0,0.06977222411111116,0.06977222411111116,0.0,0.0,0.0,0.5,300,300,0,0.0,0.0,0.0,0.019080247764848225,0.0711104893748555,0.06109268287995005,0.31157268268774524,15.777616483894528,0.8371362022657028,0.0,0.7469454651259991,40076.1895952839,0,6.667,0.5458611111111111,0.4889611111111112,0,0,0.5,0.0008999550022498876,0,0.0014999250037498126,100,-0.2777777777777777,30.0,0,0.022699999999999998,0,0.01368082825708062,-1.8518518518518519,0.01,0.1,0,0,140.4,105.89705555555555,335.42732222222224,2.5625,1,0.0003702,0.00023710516265444058,0.0008480110117710323,1.0191804873757957,0.6356982681923398,4.4997750112494433e-05,0.0,0.012613636363636438,0.0,2.522727272727272,0.0,0.02125,11.25,0.012658634113748932,0.01009,0.001,0.0995,0.6404785593042696,0.27749999999999997,0.025,4.444444444444445,1e-05,-0.2777777777777777,-5.0,9,2.5236272277295217,7.888808241947264,0.0,1.1749999999999998,0.0075,-0.2777777777777777,0.0,0.0
0,0,0,0.0,7.055555555555557,0,0.06977222411111116,0.06977222411111116,0.0,0.0,0.0,0.5,300,300,0,0.0,0.0,0.0,0.012973791421828015,0.05626796775022702,0.047329447253819656,0.24138018099448022,12.552818486562535,0.66182964327935,0.0,0.592587884107295,40266.16386016296,0,6.667,0.5458611111111111,0.4889611111111112,0,0,0.5,0.0008999550022498876,0,0.0014999250037498126,100,-4.166666666666667,30.0,0,0.023,0,0.01368082825708062,-5.185185185185185,0.01,0.1,0,0,156,105.89705555555555,335.42732222222224,2.625,1,0.000384,0.00017323571603868312,0.0005766129520812451,0.8064522590052623,0.5040917728700998,4.4997750112494433e-05,0.0,0.0128636363636363,0.0,2.5727272727272723,0.0,0.0215,11.5,0.012908634113748794,0.0101,0.001,0.09944444444444445,0.45113467718407063,0.283,0.025,-1.1111111111111112,1e-05,-4.166666666666667,-7.222222222222222,10,2.573627227729522,6.276409243281267,0.0,1.1755555555555555,0.0077777777777777776,-4.166666666666667,0.0,0.0
0,0,0,0.0,7.055555555555557,0,0.06977222411111116,0.06977222411111116,0.0,0.0,0.0,0.5,300,300,0,0.0,0.0,0.0,0.017085880436307363,0.06286424236520373,0.05838359893097342,0.2977563545479644,12.907013315740803,0.823718491713535,0.0,0.7437683689120239,40457.12601264035,0,6.667,0.5458611111111111,0.4889611111111112,0,0,0.5,0.0008999550022498876,0,0.0014999250037498126,100,-1.3888888888888893,30.0,0,0.0234,0,0.01368082825708062,-3.518518518518519,0.01,0.1,0,0,160.4,105.89705555555555,335.42732222222224,2.685,1,0.0004026,0.00025758183766105586,0.0007593724638358828,0.9009923815112074,0.6323963457919901,4.4997750112494433e-05,0.0,0.013053636363636212,0.0,2.6107272727272726,0.0,0.02175,11.69,0.013098634113748706,0.01009,0.001,0.09938888888888889,0.6397959206682957,0.28718,0.025,5.0,1e-05,-1.3888888888888893,-7.777777777777779,11,2.6116272277295223,6.453506657870402,0.0,1.176111111111111,0.008055555555555555,-1.3888888888888893,0.0,0.0
0,0,0,0.0,7.055555555555557,0,0.06977222411111116,0.06977222411111116,0.0,0.0,0.0,0.5,300,300,0,0.0,0.0,0.0,0.01906222019736479,0.07391406231910266,0.027554196910426133,0.14052640424317328,4.391752029404387,0.9240929072271931,0.0,0.8311166247107256,40649.01946650894,0,6.667,0.5458611111111111,0.4889611111111112,0,0,0.5,0.0008999550022498876,0,0.0014999250037498126,100,-0.2777777777777777,30.0,0,0.023799999999999998,0,0.01368082825708062,-1.111111111111111,0.01,0.1,0,0,164.8,105.89705555555555,335.42732222222224,2.745,1,0.0004212,0.00024731721452840284,0.0008472097865495461,1.0593622786253123,0.7063314091025997,4.4997750112494433e-05,0.0,0.013243636363636568,0.0,2.648727272727273,0.0,0.022,11.88,0.013288634113749063,0.01008,0.001,0.09933333333333334,0.587172873999057,0.29136,0.025,2.2222222222222223,1e-05,-0.2777777777777777,-2.7777777777777777,12,2.6496272277295225,2.1958760147021934,0.0,1.1766666666666665,0.008333333333333333,-0.2777777777777777,0.0,0.0
0,0,0,0.0,7.055555555555557,0,0.06977222411111116,0.06977222411111116,0.0,0.0,0.0,0.5,300,300,0,0.0,0.0,0.0,0.025090840449662047,0.09029889521831577,0.023976929967789943,0.1222823428357287,3.4958757683442294,1.156141570659684,0.0,1.0407518349917062,40841.78735959701,0,6.667,0.5458611111111111,0.4889611111111112,0,0,0.5,0.09044547772611371,0,0.0014999250037498126,100,2.5,30.0,0,0.0242,0,0.01368082825708062,1.8518518518518519,0.01,0.1,0.055,0,169.2,105.89705555555555,335.42732222222224,2.805,1,0.0004398,0.00029630746534298744,0.0011151484644294244,1.2941954534015745,0.8840742345375514,0.004522273886305689,1.1286332313933332,0.01343363636363648,0.007500000000000007,2.6867272727272726,1.2135841197777775,0.02375,12.07,1.1540891416432755,0.010069999999999999,0.1005,0.09927777777777778,0.6737322995520405,0.29554,0.025,4.444444444444445,0.001005,2.5,0.5555555555555556,13,4.490756870231164,1.7479378841721147,0.5,1.1772222222222222,0.008611111111111111,2.5,0.0,0.0
0,0,0,0.0,7.055555555555557,0,0.06977222411111116,0.06977222411111116,0.0,0.0,0.0,0.5,300,300,0,0.0,0.025415293333333335,0.0,0.05274859267915137,0.13361708034576794,0.0502343662631747,0.25619526794219094,7.703094854719427,1.989747830027729,0.040251278666666675,1.8033821570028097,41035.3725706175,0,6.667,0.5458611111111111,0.4889611111111112,0,0,0.5,0.359982000899955,0,0.0014999250037498126,100,10.0,30.0,6.0,0.0246,0,0.01368082825708062,7.592592592592593,0.01,0.1,0.28,0,173.6,105.89705555555555,335.42732222222224,2.865,1,0.0004584,0.0004394379055213168,0.002344381896851172,1.9150468835991938,1.5311735295306874,0.017999100044997773,6.002604505061818,0.013623636363636393,0.038181818181818095,2.7247272727272724,6.45441344630303,0.025500000000000002,12.26,6.07240905965227,0.01006,0.4,0.09922222222222223,0.9586341743484225,0.29972,0.025,17.22222222222222,0.004,10.0,2.7777777777777777,14,12.084577265384802,3.8515474273597134,2.5454545454545454,1.1777777777777778,0.008888888888888889,10.0,0.0,0.0
0,0,0,0.0,13.055555555555557,0,0.13543879611111118,0.13543879611111118,0.0,0.0,0.0,0.5,300,300,0,0.0,0.03227393580246913,0.0,0.058801783871506405,0.29346150146409467,0.17092073818720852,0.8716957647547634,16.140195583927802,2.3611361283921726,0.054671320493827155,2.008872843056572,41229.71773609455,0,6.667,0.584861111111111,0.5603611111111111,0,0,0.5,0.39998000099995,0,0.0014999250037498126,100,11.11111111111111,30.0,7.111111111111111,0.025,0,0.026556626688453173,9.444444444444445,0.01,0.1,0.3288888888888889,0,178.0,113.46305555555554,384.4077222222222,2.925,1,0.000477,0.0004552556699123457,0.0026134126165113956,2.166746234390218,1.7048425825091134,0.019999000049997495,8.04189815016835,0.013813636363636306,0.044848484848484915,2.7627272727272727,8.647202312008979,0.02725,12.45,8.12055927143047,0.01005,0.4444444444444444,0.09916666666666667,0.9544144023319616,0.3039,0.025,16.11111111111111,0.0044444444444444444,11.11111111111111,6.111111111111112,15,14.79980857563519,8.070097791963901,2.9898989898989896,1.1783333333333332,0.009166666666666667,11.11111111111111,0.0,0.0
0,0,0,0.0,20.166666666666668,0,0.22238405240740744,0.22238405240740744,0.0,0.0,0.0,0.5,300,300,0,0.0,0.008978212222222223,0.0,0.034794974604988656,0.33120897116817816,0.2780174686171946,1.4178890899476924,16.43498535290385,1.8046917502682225,0.016223480777777778,1.4386878044950557,41424.765267361254,0,6.667,0.6310833333333333,0.6449833333333334,0,0,0.5,0.20998950052497375,0,0.0014999250037498126,100,5.833333333333333,30.0,1.833333333333333,0.0254,0,0.04360471615831519,4.0740740740740735,0.01,0.1,0.13833333333333334,0,182.4,122.43016666666666,442.4585666666667,2.985,1,0.0004956,0.00041807113144382463,0.0015464433157772737,1.4893557680179492,1.2203760829835535,0.010499475026248706,3.866060587058788,0.014003636363636218,0.018863636363636305,2.8007272727272725,4.1570543946868685,0.029,12.64,3.9094273348123094,0.01004,0.23333333333333334,0.09911111111111112,0.8435656405242627,0.30808,0.025,11.11111111111111,0.0023333333333333335,5.833333333333333,0.5555555555555556,16,8.425346925514871,8.217492676451926,1.2575757575757573,1.1788888888888889,0.009444444444444445,5.833333333333333,0.0,0.0
0,0,0,0.0,22.0,0,0.24758574540740744,0.24758574540740744,0.0,0.0,0.0,0.5,300,300,0,0.0,0.00914774666666667,0.0,0.034749055162964004,0.33146353392611944,0.3204498676733558,1.6342943251341144,15.961942870259696,1.847912668273609,0.016772242666666673,1.4817000791845254,41620.45736762465,0,6.667,0.643,0.6668000000000001,0,0,0.5,0.20998950052497378,0,0.0014999250037498126,100,5.833333333333334,30.0,1.833333333333334,0.0258,0,0.048546224589687735,2.592592592592593,0.01,0.1,0.13833333333333336,0,186.8,124.742,457.42480000000006,3.045,1,0.0005142,0.00046803067332545656,0.0015444024516872892,1.3387827856595274,1.2562694971889525,0.010499475026248706,4.1477835607563645,0.014193636363636575,0.018863636363636305,2.8387272727272723,4.45998232339394,0.03175,12.83,4.191340308509886,0.01003,0.23333333333333336,0.09905555555555556,0.9102113444680213,0.31226,0.025,15.555555555555557,0.0023333333333333335,5.833333333333334,-3.8888888888888893,17,8.766274854221944,7.980971435129848,1.2575757575757578,1.1794444444444443,0.009722222222222222,5.833333333333334,0.0,0.0
0,0,0,0.0,23.833333333333336,0,0.2735057347407408,0.2735057347407408,0.0,0.0,0.0,0.5,300,300,0,0.0,0.04602172185185187,0.0,0.0709397412361448,0.5924379375735485,0.37656646775140923,1.920488985532187,16.072391114605807,3.1730827924410794,0.08555526492592595,2.509705113631386,41816.736049092055,0,6.667,0.6549166666666667,0.6886166666666667,0,0,0.5,0.46997650117494133,0,0.0014999250037498126,100,13.055555555555557,30.0,9.055555555555557,0.0262,0,0.05362857543936095,9.629629629629632,0.01,0.1,0.4144444444444445,0,191.2,127.05383333333334,472.3910333333333,3.105,1,0.0005328,0.0005346517169290434,0.003152877388273102,2.1660896366035143,2.1268687403655813,0.023498825058747064,13.296080011088083,0.014383636363636487,0.05651515151515163,2.876727272727272,14.296860226976433,0.0345,13.02,13.390477624025618,0.01002,0.5222222222222223,0.099,1.003475444686643,0.31643999999999994,0.025,23.333333333333336,0.005222222222222223,13.055555555555557,2.7777777777777777,18,21.411240768555412,8.036195557302904,3.7676767676767677,1.18,0.01,13.055555555555557,0.0,0.0
0,0,0,0.0,32.88888888888889,0,0.40508272151851865,0.40508272151851865,0.0,0.0,0.0,0.5,300,300,0,0.0,0.0870840612345679,0.0,0.13681654506605392,1.5689215743502114,0.4051599902063823,2.06631595005255,10.12622294244275,5.618718463011909,0.17178576558024694,3.9129803435956436,42013.54315015409,0,6.667,0.7137777777777778,0.7963777777777779,0,0,0.5,0.7099645017749113,0,0.0014999250037498126,100,19.72222222222222,30.0,15.722222222222221,0.0266,0,0.07942798461147425,18.14814814814815,0.01,0.1,0.7172222222222222,0,195.6,138.4728888888889,546.3151555555556,3.165,1,0.0005514,0.0005552964992687076,0.006080735336269063,3.8730893494268357,3.312965483759247,0.03549822508874556,26.46004561384862,0.0145736363636364,0.09780303030303017,2.9147272727272724,28.45166195037486,0.037250000000000005,13.21,26.60792050560403,0.01001,0.7888888888888889,0.09888888888888889,1.0070665565264918,0.32062,0.024944444444444446,24.444444444444446,0.007888888888888888,19.72222222222222,15.0,19,38.59655574507906,5.063111471221375,6.52020202020202,1.181111111111111,0.009833333333333333,19.72222222222222,0.0,0.0
0,0,0,0.0,48.611111111111114,0,0.6639525483333335,0.6639525483333335,0.0,0.0064840364248044255,0.0,0.5,300,300,1.635084832324408,0.0032420182124022127,0.030956172839506177,0.0,0.04677540311945303,1.2330495917479127,0.9290597250909057,4.738204597963619,16.694962310412627,3.1031197656392107,0.06596694567901236,1.8232947707718448,42210.82035261929,0,6.667,0.8159722222222222,0.9834722222222223,0,0,0.5,0.3199840007999601,0,0.0014999250037498126,100,8.88888888888889,30.0,4.888888888888889,0.027,0,0.1301867741830066,7.592592592592593,0.01,0.1,0.24222222222222228,0,200,158.29861111111111,674.6619444444445,3.225,1,0.00057,0.0005111135681697532,0.0020789068053090236,1.8571351143137227,1.5422606143746809,0.045202017479061884,10.815026019939534,0.2970041151666667,0.24139801052430965,2.952727272727272,11.545576171717174,0.04,13.4,11.398630163109571,0.01,0.3555555555555556,0.09877777777777778,0.8966904704732512,0.3248,0.02488888888888889,12.777777777777779,0.003555555555555556,8.88888888888889,5.0,20,17.02030764726461,8.347481155206314,2.2020202020202024,1.182222222222222,0.009666666666666667,8.88888888888889,0.0,0.0
0,1.635084832324408,0,0.0032420182124022127,53.5,0,0.760875666851852,0.760875666851852,0.0021613454749348083,0.03201523128873122,0.0,0.5,300,300,3.0611330399870944,0.01600761564436561,0.0064861960000000005,0.0072048451406951835,0.03177450153739236,1.0197799928721714,1.0753186477591103,5.484125103571462,17.21012804517962,2.422992063584368,0.013720000000000001,1.371437569174804,42408.50919899494,0,6.667,0.83585,1.0,0,0,0.5,0.19799010049497523,0,0.0016499175041247937,100,5.0,30.0,1.0,0.0275,0,0.14919130722585336,2.9629629629629632,0.011,0.1,0.11,0,200.0,162.1549,686.0,3.285,1,0.000582,0.0004863488552551441,0.0014122000683285494,1.3402715283188704,1.1589613260632146,0.06916124702350773,5.2677198401212335,0.9506202693886352,0.32534414943950585,2.9847272727272722,5.5329999999999995,0.044,13.56,6.6128455059728815,0.00998,0.2,0.09866666666666667,0.8356509540466392,0.32832,0.024833333333333336,11.11111111111111,0.0022,5.0,-1.1111111111111112,21,9.715717373222247,8.60506402258981,1.0,1.1833333333333333,0.0095,5.0,0.0064840364248044255,0.0
0,4.696217872311502,0,0.019249633856767822,54.5,0,0.781081862851852,0.781081862851852,0.012833089237845215,0.013245363966953035,0.0,0.5,300,300,1.6691348712491378,0.006622681983476517,0.0,0.042779102974357025,0.028405886152220974,0.9880066695607684,0.7715015775894818,3.9346580457063567,10.224097639164924,2.265523174457219,0.0,1.2491106187442294,42606.55110980943,0,6.667,0.83895,1.0,0,0,0.5,0.16823158842057903,0,0.0017999100044997752,100,3.8888888888888893,30.0,0,0.028,0,0.15315330644153963,2.2222222222222223,0.012,0.1,0.08555555555555557,0,200.0,162.75629999999998,686.0,3.345,1,0.000594,0.0004654376461981482,0.0012624838289875988,1.2649207676560323,1.0545962071949404,0.0400034491221431,4.229564352374167,0.6084232015581632,0.16310504131264825,3.0167272727272727,4.481244444444445,0.048,13.72,5.041096044367122,0.00996,0.15577777777777782,0.09855555555555556,0.7835650609396434,0.33184,0.02477777777777778,8.88888888888889,0.001869333333333334,3.8888888888888893,-1.1111111111111112,22,8.443981083370074,5.112048819582462,0.7777777777777778,1.1844444444444444,0.009333333333333334,3.8888888888888893,0.038499267713535644,0.0
0,6.36535274356064,0,0.02587231584024434,54.5,0,0.781081862851852,0.781081862851852,0.01724821056016289,0.05373728296266942,0.0064840364248044255,0.5,300,300,3.8335412329338574,0.02686864148133471,0.0,0.057496909902302995,0.02610474753924412,0.8747215338513494,1.1556289372129047,5.893707579785814,17.74364044444204,2.0601663468519567,0.0,1.1593400654613633,42804.88740097045,0,6.667,0.83895,1.0,0,0,0.5,0.14344782760861957,0,0.0019499025048747565,100,3.0555555555555554,30.0,0,0.0285,0,0.15315330644153963,0.5555555555555554,0.013000000000000001,0.1,0.06722222222222221,0,200.0,162.75629999999998,686.0,3.4050000000000002,1,0.000606,0.000488699081130697,0.001160211001744183,1.1198845799051131,0.9778875903610376,0.0771643560483994,3.5360407142957597,1.5732608797772052,0.31832931148174565,3.0487272727272727,3.6606777777777775,0.052000000000000005,13.88,5.50479526160311,0.009940000000000001,0.1226111111111111,0.09844444444444445,0.8064341272783779,0.33536,0.024722222222222222,10.555555555555555,0.0015939444444444445,3.0555555555555554,-4.444444444444445,23,7.46396398922478,8.87182022222102,0.6111111111111109,1.1855555555555555,0.009166666666666667,3.0555555555555554,0.05174463168048868,0.0
0,10.198893976494498,0,0.052740957321579046,54.5,0,0.781081862851852,0.781081862851852,0.03299929273945123,0.05124756932170483,0.03201523128873122,0.5,300,300,3.823048669591351,0.025623784660852415,0.004701848666666673,0.11000314234696067,0.03068127332888558,0.9746618124042203,1.1973673548503225,6.106573509736644,17.612136250936533,2.2835248401452932,0.009908888888888905,1.2781817544121874,43003.45930115451,0,6.667,0.83895,1.0,0,0,0.5,0.23805809709514533,0,0.0020998950052497378,100,4.722222222222223,30.0,0.7222222222222232,0.029,0,0.15315330644153963,2.2222222222222228,0.014,0.1,0.1038888888888889,0,200.0,162.75629999999998,686.0,3.4650000000000003,1,0.000618,0.0005263841033501671,0.0013636121479504704,1.2478356735177254,1.0771194559653265,0.09719850156577753,5.617239802938398,1.1715062492902393,0.36502572666213706,3.0807272727272728,5.873311111111112,0.056,14.040000000000001,7.250970280456552,0.00992,0.1889444444444445,0.09833333333333334,0.8517542125407236,0.33888,0.024666666666666667,12.222222222222223,0.002645222222222223,4.722222222222223,-2.7777777777777777,24,10.136540925377973,8.806068125468267,0.9444444444444444,1.1866666666666665,0.009000000000000001,4.722222222222223,0.09899787821835368,0.0
0,14.021942646085849,0,0.07836474198243146,55.22222222222222,0,0.7956926004074075,0.7956926004074075,0.03941007208377576,0.0,0.013245363966953035,0.5,300,300,0,0.0,0.01196731392592593,0.1313734752912665,0.03413234355626287,1.2098151101114636,0.29462036013067844,1.50256383666646,2.946125573417624,2.5996895660912402,0.025153333333333344,1.3557421124235138,43202.207969222036,0,6.667,0.8411888888888889,1.0,0,0,0.5,0.3149842507874607,0,0.0022498875056247186,100,5.833333333333334,30.0,1.833333333333334,0.0295,0,0.15601815694262894,5.185185185185186,0.015,0.1,0.13833333333333336,0,200.0,163.19064444444444,686.0,3.5250000000000004,1,0.00063,0.0004925577706483412,0.0015169930469450164,1.5204553988462612,1.1414105717316767,0.01574921253937306,8.101909181818183,0.015563636363636224,0.018863636363636305,3.1127272727272723,8.711730303030304,0.07200000000000001,14.2,8.152085667084828,0.009899999999999999,0.23333333333333336,0.09822222222222222,0.781837731187843,0.3424,0.02461111111111111,7.777777777777779,0.0035000000000000005,5.833333333333334,3.8888888888888893,25,13.397017584120796,1.473062786708812,1.2575757575757578,1.1877777777777778,0.008833333333333334,5.833333333333334,0.11823021625132729,0.0
0,14.021942646085849,0,0.07836474198243146,57.05555555555556,0,0.8328132476666669,0.8328132476666669,0.03499495076145808,0.003079026777427184,0.05373728296266942,0.5,300,300,0.9072087185112707,0.001539513388713592,0.019350089308641977,0.11665566836332052,0.03796206525290177,1.3235281428251275,0.7267048215834276,3.706194590075481,7.765482683318833,2.79898587156421,0.04039777777777778,1.437495663486181,43401.07451165333,0,6.667,0.8468722222222221,1.0,0,0,0.5,0.39998000099994996,0,0.0023998800059997,100,6.944444444444445,30.0,2.9444444444444446,0.03,0,0.16329671522875822,5.9259259259259265,0.016,0.1,0.17611111111111113,0,200.0,164.2932111111111,686.0,3.585,1,0.000642,0.0005358214346338606,0.0016872029001289677,1.589225611544149,1.2091085019977224,0.039843653296698534,11.414234228225098,0.17913704918182471,0.10637431648994955,3.1447272727272724,12.22531313131313,0.088,14.36,11.739589247193571,0.00988,0.2777777777777778,0.09811111111111112,0.8346128265324932,0.34592,0.024555555555555556,10.0,0.0044444444444444444,6.944444444444445,3.8888888888888893,26,17.371030506050452,3.8827413416594165,1.601010101010101,1.1888888888888889,0.008666666666666666,6.944444444444445,0.10498485228437425,0.0
0,14.92915136459712,0,0.07990425537114505,60.0,0,0.8925611147530866,0.8925611147530866,0.018108865366377336,0.05173662367267052,0.05124756932170483,0.5,300,300,4.943367950874515,0.02586831183633526,0.014023182222222218,0.06036590269881885,0.03488729642084096,1.2718370051019212,1.486746651603045,7.582407923175529,18.583754224275385,2.639039972301014,0.02896444444444444,1.3323156707782515,43600.00000000001,0,6.667,0.856,1.0,0,0,0.5,0.3739813009349533,0,0.0025498725063746817,100,6.111111111111111,30.0,2.1111111111111107,0.0305,0,0.17501198328491896,4.444444444444444,0.017,0.1,0.14777777777777779,0,200.0,166.064,686.0,3.645,1,0.000654,0.0005533899852528806,0.0015505465075929315,1.424929883320937,1.119593000653993,0.12775452871256668,10.666568896572828,0.9861186594489353,0.4263390692199648,3.1767272727272724,11.21042222222222,0.10400000000000001,14.52,12.206781153954296,0.00986,0.24444444444444444,0.098,0.8461620569615913,0.34944,0.0245,11.11111111111111,0.0041555555555555556,6.111111111111111,1.1111111111111112,27,16.10456513931879,9.291877112137692,1.3434343434343434,1.19,0.0085,6.111111111111111,0.05432659609913201,0.0
0,19.872519315471635,0,0.10577256720748031,62.111111111111114,0,0.9355487414197533,0.9355487414197533,0.018271883483365902,0.03869475933975482,0.0,0.5,300,300,5.130212698988188,0.01934737966987741,0.027145232049382722,0.060909323591800235,0.042087584820340126,1.3581552645727237,1.5736450123404022,8.02558956293605,17.28567661972564,2.8953768639478614,0.055642222222222225,1.4951340145547978,43798.92548834665,0,6.667,0.8625444444444444,1.0,0,0,0.5,0.5219739013049348,0,0.002699865006749663,100,8.055555555555555,30.0,4.055555555555555,0.031,0,0.18344092969014772,4.814814814814815,0.018000000000000002,0.1,0.2138888888888889,0,200.0,167.33362222222223,686.0,3.705,1,0.000666,0.0006336782831903936,0.00187055932534845,1.4517204763822769,1.2552431092344385,0.1353813136984222,16.642768706465915,0.7196578196476038,0.4512619203348114,3.2087272727272724,17.603444444444445,0.12,14.68,17.949069760146752,0.00984,0.32222222222222224,0.09788888888888889,0.9514688936792697,0.35296,0.024444444444444446,17.77777777777778,0.005800000000000001,8.055555555555555,-1.6666666666666667,28,23.278590062921097,8.64283830986282,1.9444444444444446,1.191111111111111,0.008333333333333333,8.055555555555555,0.0548156504500977,0.0
0,25.002732014459824,0,0.12511994687735772,66.16666666666667,0,1.0183361956913584,1.0183361956913584,0.031170136596617506,0.009417331808118812,0.003079026777427184,0.5,300,300,2.6989802446725557,0.004708665904059406,0.04829088237037036,0.10390565034482445,0.05657621015057674,1.9949755916225969,1.2865392939577946,6.561350399184752,11.358941515606935,3.8623701545121962,0.09756444444444444,1.810818352739023,43997.792030777964,0,6.667,0.8751166666666667,1.0,0,0,0.5,0.759962001899905,0,0.0028498575071246443,100,11.11111111111111,30.0,7.111111111111111,0.0315,0,0.19967376386105068,9.25925925925926,0.019000000000000003,0.1,0.3288888888888889,0,200.0,169.77263333333332,686.0,3.765,1,0.000678,0.0006508921009979424,0.002514498228914522,1.9590539942147382,1.5188597553263008,0.09365341691749174,26.210489781169024,0.26477823148507085,0.2718788370684089,3.240727272727272,28.02073535353535,0.12625,14.84,26.840800266639995,0.009819999999999999,0.4444444444444444,0.09777777777777778,0.960017848079561,0.35647999999999996,0.02438888888888889,16.666666666666668,0.008444444444444445,11.11111111111111,5.555555555555555,29,35.01132361806152,5.679470757803467,2.9898989898989896,1.192222222222222,0.008166666666666666,11.11111111111111,0.09351040978985252,0.0
0,27.70171225913238,0,0.12982861278141714,73.27777777777779,0,1.164191522506173,1.164191522506173,0.033282904940181386,0.12950974821282357,0.05173662367267052,0.5,300,300,7.562584689052096,0.06475487410641179,0.0050280896049382726,0.11094856361809464,0.03021485815918666,1.4856362941225079,2.0041137903766106,10.220980330920714,18.9783181913758,2.6583956418686183,0.00990888888888889,1.1425444895869237,44196.54069884548,0,6.667,0.8971611111111111,1.0,0,0,0.5,0.3400829958502075,0,0.002999850007499625,100,4.722222222222222,30.0,0.7222222222222223,0.032,0,0.22827284755023,3.1481481481481484,0.02,0.1,0.10388888888888889,0,200,174.04925555555556,686.0,3.825,1,0.00069,0.0005539119786907794,0.0013428825848527403,1.2761098714448253,0.9574395164136232,0.1952270557549849,8.864805087061834,1.8127009615242389,0.527344211191695,3.272727272727272,9.152044444444444,0.1325,15,11.400077315532753,0.0098,0.18894444444444444,0.09766666666666667,0.8027709836098252,0.36,0.024333333333333335,9.444444444444445,0.003778888888888889,4.722222222222222,0.0,30,13.709299157466369,9.4891590956879,0.9444444444444444,1.1933333333333334,0.008,4.722222222222222,0.09984871482054415,0.0
0,35.26429694818447,0,0.19458348688782892,74.00000000000001,0,1.179128501,1.179128501,0.05920727978689907,0.2130340064646718,0.03869475933975482,0.5,300,300,8.95173715515377,0.1065170032323359,0.0011632240000000022,0.19736746716962805,0.02840153189614745,1.3318779859421073,2.2332719819013254,11.389687107696759,19.20849537901324,2.4379499525429877,0.0022866666666666712,1.0776704347047332,44395.11259902955,0,6.667,0.8994,1.0,0,0,0.5,0.38286335683215844,0,0.003824808759562022,100,4.166666666666667,30.0,0.16666666666666696,0.033,0,0.23120166686274513,1.4814814814814816,0.025500000000000002,0.1,0.09166666666666667,0,200.0,174.4836,686.0,4.2425,1,0.000696,0.0005891629499747428,0.0012622903064954422,1.1295443921612978,0.9022357127760557,0.2707035987922165,8.21672264076308,2.3073858391005357,0.5802143950822112,3.3287272727272725,8.398,0.13874999999999998,15.22,11.375026473738046,0.009729999999999999,0.16683333333333336,0.09755555555555556,0.8464984913430214,0.36616,0.02427777777777778,12.222222222222223,0.004254250000000001,4.166666666666667,-3.8888888888888893,31,12.942923962892765,9.60424768950662,0.8333333333333334,1.1944444444444444,0.007833333333333335,4.166666666666667,0.1776218393606972,0.0
0,44.216034103338245,0,0.3011004901201648,74.16666666666669,0,1.1825783916666668,1.1825783916666668,0.1173203621618714,0.13433512851339707,0.009417331808118812,0.5,300,300,9.334432934320008,0.06716756425669854,0.034140838518518526,0.3910874272665983,0.04465267400989671,1.8256426423667107,2.4837448202819195,12.667098583437788,19.070112047954353,3.3326656491177804,0.06707555555555557,1.4623703327411726,44593.448890190564,0,6.667,0.8999166666666667,1.0,0,0,0.5,0.9919504024798763,0,0.004649767511624419,100,8.88888888888889,30.0,4.888888888888889,0.034,0,0.23187811601307193,6.111111111111111,0.031,0.1,0.24222222222222228,0,200.0,174.58383333333333,686.0,4.66,1,0.000702,0.0006679988985462963,0.0019845632893287428,1.5437814991645005,1.2231722114006092,0.3465461168352806,21.938939453443446,1.0781657491029621,0.7165094103216287,3.384727272727272,23.043701010101014,0.145,15.44,24.080160729703316,0.00966,0.3555555555555556,0.09744444444444444,0.9515653825445817,0.37232,0.02422222222222222,17.22222222222222,0.011022222222222225,8.88888888888889,0.5555555555555556,32,29.622398887328362,9.535056023977177,2.2020202020202024,1.1955555555555555,0.007666666666666667,8.88888888888889,0.3519610864856142,0.0
0,53.55046703765825,0,0.3682680543768634,79.05555555555557,0,1.2837947857407408,1.2837947857407408,0.15895962773029748,0.02461107158808034,0.12950974821282357,0.5,300,300,4.386303013734356,0.01230553579404017,0.07022060883950619,0.5298919190389466,0.07204712701597234,3.0001953111081265,1.858899376455395,9.480386819922513,9.989111361406305,5.0940838061881575,0.13567555555555558,2.021841368064058,44791.49080100505,0,6.667,0.9150722222222223,1.0,0,0,0.5,1.824908754562272,0,0.0054747262636868155,100,13.88888888888889,30.0,9.88888888888889,0.035,0,0.2517244677923021,12.222222222222223,0.0365,0.1,0.45111111111111113,0,200.0,177.52401111111112,686.0,5.077500000000001,1,0.000708,0.0007020887872563786,0.003202094534043215,2.3369742145953913,1.6895610318084053,0.23458730023116536,40.87891225852647,0.3002656643793835,0.39550660418638905,3.440727272727272,43.6839595959596,0.14625,15.66,41.8092718273234,0.00959,0.5555555555555556,0.09733333333333334,0.991650829458162,0.37848,0.024166666666666666,18.88888888888889,0.020277777777777777,13.88888888888889,8.88888888888889,33,53.05060572425924,4.994555680703153,4.1010101010101,1.1966666666666665,0.0075,13.88888888888889,0.47687888319089244,0.0
0,57.93677005139261,0,0.38057359017090353,88.94444444444446,0,1.4896909501358024,1.4896909501358024,0.1239934021887164,0.11268711592095877,0.2130340064646718,0.5,300,300,10.823219831797495,0.056343557960479386,0.08072732311111111,0.4133320061960861,0.07955717043440166,3.41297362831951,3.225915398831635,16.452168534041338,16.617626648444638,5.628948702243842,0.15092,2.13641790348993,44989.17964738071,0,6.667,0.9457277777777778,1.0,0,0,0.5,2.2678866056697164,0,0.006299685015749212,100,15.0,30.0,11.0,0.036000000000000004,0,0.2920962647325103,12.037037037037038,0.041999999999999996,0.1,0.5,0,200.0,183.4711888888889,686.0,5.495,1,0.000714,0.0007191660775588479,0.0035358742415289627,2.2910615305868496,1.7836513108914074,0.5047819192238607,46.446774196712774,0.6495271083823009,0.8815284232150757,3.4967272727272727,49.269090909090906,0.1475,15.879999999999999,48.48261164753401,0.00952,0.6,0.09722222222222222,1.0072354027434844,0.38464,0.02411111111111111,23.88888888888889,0.025199999999999997,15.0,6.111111111111112,34,59.57915933294244,8.308813324222319,4.545454545454545,1.1977777777777778,0.007333333333333334,15.0,0.3719802065661492,0.0
0,68.7599898831901,0,0.43691714813138294,99.94444444444446,0,1.7213382732469136,1.7213382732469136,0.0905444386741454,0.1900289241904706,0.13433512851339707,0.5,300,300,10.366543196510005,0.0950144620952353,0.04773285454320989,0.3018298863202637,0.04984154470597581,2.8450788313872764,2.8961065283035428,14.770143294348067,10.89044629310767,4.403600097838063,0.08613111111111113,1.50867972174481,45186.456849845905,0,6.667,0.9798277777777777,1.0,0,0,0.5,1.7574121293935305,0,0.007124643767811609,100,10.277777777777779,30.0,6.277777777777779,0.037000000000000005,0,0.337517308479787,7.407407407407407,0.0475,0.1,0.29222222222222227,0,200.0,190.08658888888888,686.0,5.9125,1,0.00072,0.0007015599984675925,0.002215179764710036,1.6528295893988818,1.258398285051278,0.552385117314365,27.812389023124663,1.0012922769233046,0.7678945264410286,3.5527272727272727,29.29235555555556,0.14875,16.1,30.133960943803363,0.00945,0.41111111111111115,0.09711111111111112,0.9743888867605451,0.39080000000000004,0.024055555555555556,18.88888888888889,0.01952777777777778,10.277777777777779,1.6666666666666667,35,37.25906061424202,5.445223146553835,2.6565656565656566,1.198888888888889,0.007166666666666667,10.277777777777779,0.2716333160224362,0.0
0,79.12653307970011,0,0.5319316102266183,106.22222222222223,0,1.8552022389012346,1.8552022389012346,0.10910903723316989,0.6375581220938953,0.02461107158808034,0.5,300,300,19.284826090783177,0.31877906104694764,0.0,0.36371497561677185,0.02519538398120494,2.0228242269813794,4.362017106853369,22.24628724495218,20.957359923033014,2.9614611541690024,0.0,0.9134415432064179,45383.26395090795,0,6.667,0.9818666666666667,0.9458666666666666,0,0,0.5,0.6375581220938953,0,0.007949602519874005,100,3.3333333333333335,30.0,0,0.038,0,0.36376514488259504,1.4814814814814816,0.05299999999999999,0.1,0.07333333333333335,0,200.0,190.48213333333334,648.8645333333333,6.33,1,0.000726,0.0005646262031213993,0.0011197948436091083,1.0903524071744441,0.7612012860053483,0.9892490505575935,7.583789930761846,5.693673798229521,1.047963105933687,3.6087272727272723,7.287580302222222,0.15,16.32,15.314675885482647,0.00938,0.13366666666666668,0.097,0.7777220428669411,0.39696,0.024,8.88888888888889,0.007084333333333333,3.3333333333333335,-2.2222222222222223,36,12.200532363710055,10.478679961516507,0.6666666666666667,1.2,0.007,3.3333333333333335,0.3273271116995097,0.0
0,98.41135917048328,0,0.8507106712735659,106.22222222222223,0,1.8552022389012346,1.8552022389012346,0.31342472073510824,0.645515224238788,0.11268711592095877,0.5,300,300,11.728058983896346,0.322757612119394,0.0,1.0448013065704833,0.02432189371856966,1.9737818082381586,2.866361559837727,14.618443955172406,9.438768629313056,2.890384971276059,0.0,0.8922812693193307,45579.54263237535,0,6.667,0.9818666666666667,0.9458666666666666,0,0,0.5,0.645515224238788,0,0.008774561271936402,100,3.055555555555556,30.0,0,0.039,0,0.36376514488259504,1.2962962962962965,0.058499999999999996,0.1,0.06722222222222222,0,200.0,190.48213333333334,648.8645333333333,6.7475000000000005,1,0.000732,0.0005590486390453448,0.0010809730541586516,1.063917327637096,0.7408239320916953,0.6479888668635266,6.761496253640276,3.6794358816895696,0.6135391926767576,3.6647272727272724,6.759587608888888,0.15,16.54,11.70246019487013,0.00931,0.12261111111111113,0.09672222222222222,0.7637276489690502,0.40312,0.023833333333333335,8.333333333333334,0.00717275,3.055555555555556,-2.2222222222222223,37,11.68094121696606,4.719384314656528,0.6111111111111112,1.2044444444444444,0.006944444444444445,3.055555555555556,0.9402741622053247,0.0
0,110.13941815437963,0,1.17346828339296,106.22222222222223,0,1.8552022389012346,1.8552022389012346,0.49103409017438465,0.9937327246974432,0.1900289241904706,0.5,300,300,22.6095793254201,0.4968663623487216,0.08000249599999999,1.6368621395963112,0.047121719760266634,2.754203610501966,5.263812573031455,26.845444122460417,20.718430347917508,4.235864797040316,0.077863744,1.4345394667780842,45775.234732638746,0,6.667,0.9818666666666667,0.9458666666666666,0,0,0.5,2.303884805759712,0,0.0095995200239988,100,10.0,30.0,6.0,0.04,0,0.36376514488259504,6.296296296296297,0.064,0.1,0.28,0,200.0,190.48213333333334,648.8645333333333,7.165,1,0.000738,0.0007280220830864197,0.0020942986560118504,1.4845840268784796,1.1866594853862829,1.4506143022174567,27.708592193718612,2.277438326720029,1.5679834052814416,3.720727272727272,28.485968678787877,0.15,16.759999999999998,33.00462822793754,0.00924,0.4,0.09644444444444444,0.9864797873799724,0.4092799999999999,0.023666666666666666,21.11111111111111,0.0256,10.0,-1.1111111111111112,38,37.056035302729406,10.359215173958754,2.5454545454545454,1.208888888888889,0.006888888888888889,10.0,1.473102270523154,0.0
0,132.74899747979973,0,1.6703346457416814,112.22222222222223,0,2.0130684789012347,2.0130684789012347,0.7589353570100421,0.8627663087236158,0.6375581220938953,0.5,300,300,22.336073759505418,0.4313831543618079,0.10241281555555556,2.5299110125929754,0.05474190132502259,3.5772041076367183,5.405937603684285,27.570281778789855,17.771528489974994,5.234208019284436,0.09400181777777779,1.6022620103226954,45970.28226390545,0,6.667,0.9836666666666667,0.8936666666666666,0,0,0.5,2.918854057297135,0,0.010424478776061195,100,11.666666666666668,30.0,7.666666666666668,0.041,0,0.39471930958847745,9.074074074074074,0.06949999999999999,0.1,0.3533333333333334,0,200.0,190.83133333333333,613.0553333333332,7.5825,1,0.000744,0.000733034644432922,0.002432973392223226,1.7769907706215806,1.3205456129033204,1.5123396393585036,34.16258939130115,1.8706218912999144,1.607264148101982,3.776727272727273,35.42023320404041,0.15,16.98,39.15281507006154,0.009170000000000001,0.46666666666666673,0.09616666666666666,0.9852616188614542,0.41544000000000003,0.0235,19.444444444444446,0.032433333333333335,11.666666666666668,3.8888888888888893,39,45.32793574618602,8.885764244987497,3.2121212121212124,1.2133333333333334,0.006833333333333334,11.666666666666668,2.2768060710301263,0.0
0,155.08507123930514,0,2.1017178001034895,119.8888888888889,0,2.2094831122345684,2.2094831122345684,0.8340047525532824,0.32620092831089603,0.645515224238788,0.5,300,300,10.14597429504167,0.16310046415544802,0.06917870788888889,2.780154842636367,0.042606362689998026,3.7337406184237243,2.993069529863483,15.264654602303763,6.306219516371136,5.1186803072620926,0.05862091044444443,1.3423333261483699,46164.62742938248,0,6.667,0.9859666666666667,0.8269666666666665,0,0,0.5,2.474876256187191,0,0.011249437528123594,100,9.166666666666666,30.0,5.166666666666666,0.042,0,0.4332319827910919,8.518518518518519,0.075,0.1,0.2516666666666667,0,200,191.27753333333334,567.2991333333332,8.0,1,0.00075,0.000654965111006623,0.0018936161195554676,1.689870629808794,1.102281015997749,0.8417084916906012,23.43213166657387,1.1837105334501121,0.7224873751049707,3.8327272727272717,24.6297306169697,0.15,17.2,26.180038066819556,0.0091,0.3666666666666667,0.09588888888888888,0.8732868146754973,0.4216,0.023333333333333334,11.11111111111111,0.0275,9.166666666666666,7.222222222222222,40,33.22521293376295,3.153109758185568,2.287878787878788,1.2177777777777778,0.0067777777777777775,9.166666666666666,2.502014257659847,0.0
0,165.2310455343468,0,2.2648182642589374,125.05555555555557,0,2.337282730567902,2.337282730567902,0.7275666539106518,1.250726818967396,0.9937327246974432,0.5035000000000001,300,300,24.657854076038195,0.625363409483698,0.12143931346296295,2.442320844896836,0.06089290876899231,4.549343410675811,6.081477697180954,31.015536255622866,16.10397609810354,6.357682179584672,0.09715948848148147,1.7474458601398688,46358.212640402984,0,6.667,0.9875166666666667,0.7820166666666666,0,0,0.5,4.535273236338182,0,0.014474276286185691,100,13.055555555555555,30.0,9.055555555555555,0.043300000000000005,0,0.45829073148390237,10.74074074074074,0.0965,0.1,0.41444444444444445,0,200.0,191.57823333333334,536.4634333333332,8.0,1,0.00075,0.0007458066765126672,0.002706351500844103,1.946424089468386,1.4297284310235292,2.2586291323212735,38.62623234656795,1.8369301014312098,1.8066751576415876,3.873454545454545,40.10983285944107,0.15,17.36,44.52846673796202,0.00899,0.5222222222222221,0.09561111111111112,0.9944089020168896,0.42607999999999996,0.02316666666666667,20.0,0.050394444444444436,13.055555555555555,6.111111111111112,41,52.286237408910566,8.05198804905177,3.7676767676767677,1.222222222222222,0.006722222222222222,13.055555555555555,2.1826999617319554,0.0
0,189.888899610385,0,2.890181673742635,134.11111111111111,0,2.555881532512346,2.555881532512346,0.8132313520006359,1.087262199874096,0.8627663087236158,0.507,300,300,21.759291605767654,0.543631099937048,0.14418567514814815,2.7488594058606375,0.0702505250045878,5.514301742278871,5.744142169690506,29.29512506542158,12.69938203570161,7.535833459653925,0.1034518742962963,1.951281192370466,46550.98053349105,0,6.667,0.9902333333333333,0.7032333333333333,0,0,0.5,6.2536873156342185,0,0.017699115044247787,100,14.722222222222223,30.0,10.722222222222223,0.0446,0,0.5011532416690875,12.40740740740741,0.118,0.1,0.4877777777777778,0,200.0,192.10526666666667,482.4180666666666,8.0,1,0.00075,0.0007543033793483154,0.0031222455557594576,2.157495045108173,1.5907183633454887,2.456854361650594,43.643889203110355,1.4251766506372374,1.6429099842058865,3.914181818181818,45.687790493925924,0.15,17.52,49.16883019960407,0.00888,0.5888888888888889,0.09533333333333334,1.0057378391310872,0.43056,0.023,21.666666666666668,0.06948888888888889,14.722222222222223,7.777777777777779,42,60.29000306208539,6.349691017850805,4.434343434343434,1.2266666666666666,0.006666666666666667,14.722222222222223,2.439694056001908,0.0
0,211.64819121615267,0,3.433812773679683,144.83333333333334,0,2.803519081956791,2.803519081956791,0.8880633157174627,0.9886769209602794,0.32620092831089603,0.5105,300,300,23.90005335914757,0.4943384604801397,0.238341901,3.0225266032659888,0.13370308387305788,9.962564294024723,7.280818385738138,37.132173767264504,16.85572480410099,13.232120408116936,0.1478437473333333,3.1358530302191543,46742.87398735965,0,6.667,0.9934499999999999,0.6099499999999999,0,0,0.5,10.88045597720114,0,0.020923953802309884,100,21.666666666666668,30.0,17.666666666666668,0.0459,0,0.5497096239130963,19.814814814814813,0.13949999999999999,0.1,0.8200000000000001,0,200.0,192.7293,418.4256999999999,8.0,1,0.00075,0.0007377281201131686,0.0059423592832470165,3.553592468174351,2.547173038986678,3.1267537761956863,69.50913282977534,1.003033829887917,1.9465215904502404,3.9549090909090903,73.36128453927273,0.15,17.68,75.58544202630918,0.00877,0.8666666666666667,0.09505555555555556,0.9836374934842249,0.43504,0.022833333333333334,27.222222222222225,0.1209,21.666666666666668,16.11111111111111,43,95.6511950619284,8.427862402050495,7.454545454545455,1.231111111111111,0.006611111111111111,21.666666666666668,2.664189947152388,0.0
0,235.54824457530023,0,3.928151234159823,162.5,0,3.1897047302901242,3.1897047302901242,1.1088886466005905,2.361512487441758,1.250726818967396,0.514,300,300,31.31100489791764,1.180756243720879,0.2164652,3.799981751939474,0.1120581557351713,9.854780103026588,8.639128139953714,44.05955351376394,18.673199440255445,12.748548615846298,0.09302160000000001,2.7817103570845383,46933.836139837025,0,6.667,0.99625,0.42374999999999996,0,0,0.5,11.591420428978552,0,0.02414879256037198,100,20.0,30.0,16.0,0.047200000000000006,0,0.6254323000568871,17.962962962962962,0.16099999999999998,0.1,0.73,0,200.0,193.2725,290.6925,8.0,1,0.00075,0.0007479628676183128,0.004980362477118724,3.089558732331388,2.2513842818130256,4.875901164164602,55.55205450852095,1.5711018352165174,2.649918961541833,3.9956363636363634,58.02927414545454,0.15,17.84,64.64897646944391,0.008660000000000001,0.8,0.09477777777777778,0.9972838234910837,0.43952,0.02266666666666667,26.11111111111111,0.1288,20.0,13.88888888888889,44,80.2526945744331,9.336599720127722,6.636363636363636,1.2355555555555555,0.006555555555555556,20.0,3.3266659398017713,16.0
0.9355092827402085,266.85924947321786,0,5.1089074778807015,178.5,0,3.4991915302901244,3.4991915302901244,1.4791505360920443,7.482579312797452,1.087262199874096,0.5175000000000001,300,300,43.21611415602773,3.741289656398726,0.13776649716666664,5.103324502985029,0.0633977891248224,7.0054486932702655,10.222708316828303,52.13581241582434,22.20945424923294,8.919698259796615,0.03388828566666667,1.8508517774015267,47123.81040471609,0.017011081676616763,6.667,0.99785,0.24295,0,0,0.5,9.307034648267585,0.9355092827402085,0.027373631318434077,16.449071725979145,14.166666666666666,30.0,10.166666666666666,0.0485,0,0.686115986331397,11.851851851851853,0.1825,0.1,0.4633333333333333,0.9355092827402085,200.0,193.5829,166.6637,8.0,1,0.00075,0.000752069286787873,0.0028176795166587735,2.0020192186191736,1.4926224011302636,8.163190523872302,31.79166992439686,3.516792190638858,3.675374984802878,4.036363636363636,32.08220202151515,0.15,18.0,47.1470276237109,0.00855,0.5666666666666667,0.0945,1.0027590490504974,0.444,0.0225,21.11111111111111,0.10341666666666666,14.166666666666666,7.222222222222222,45,49.63772151826758,11.10472712461647,4.212121212121211,1.24,0.006500000000000001,14.166666666666666,4.437451608276133,16.0
0.33687767903184124,310.0753636292456,0,8.850197134279428,188.66666666666666,0,3.6708463131234574,3.6708463131234574,3.6109229070664965,7.429509405701016,0.9886769209602794,0.521,300,300,34.6517203860063,3.744472740473312,0.10399533822222222,12.542565994155826,0.05763256274586141,6.470941645771802,8.378454217620849,42.73011650986633,14.755747107104003,8.078396123860026,0.01347090577777779,1.5498219153423611,47312.740488522184,0.041808553313852755,6.667,0.9988666666666667,0.12806666666666677,0,0,0.504,8.499575021248937,0.33687767903184124,0.03059847007649617,43.916547598584835,11.666666666666666,35.10332450298503,7.666666666666666,0.0498,0,0.7197737868869525,10.185185185185185,0.20399999999999996,0.11701108167661677,0.35333333333333333,0.33687767903184124,200.0,193.78013333333334,87.85373333333341,8.0,1,0.00075,0.0007183392590534981,0.0021890638018614863,1.7627928531461166,1.2453926105429687,7.812949070348255,21.9519569136926,3.7321276258446834,2.9430745846165047,4.077090909090908,22.083407803151516,0.15,18.16,36.440108194502045,0.00844,0.4666666666666667,0.09422222222222222,0.9577856787379975,0.44848,0.022333333333333334,16.11111111111111,0.09519999999999998,11.666666666666666,7.222222222222222,46,37.87219494561257,7.377873553552002,3.212121212121212,1.2444444444444445,0.0064444444444444445,11.666666666666666,10.83276872119949,16.0
0.1750509537798054,344.7270840152519,0,12.59466987475274,196.33333333333331,0,3.7883125571234575,3.7883125571234575,5.757867068646743,0.6136762671814845,2.361512487441758,0.5245,300,300,7.656376318857232,0.31174754372819413,0.14178354918518518,20.134348517127275,0.09990157707596319,7.7883072648059075,3.4141757486180175,17.41229631795189,4.036433605390601,9.755919999094656,0.005937304592592623,1.8677111572127867,47500.570407194034,0.06711449505709091,6.667,0.9996333333333334,0.041433333333333544,0,0,0.508,11.540761544599935,0.1750509537798054,0.03382330883455827,51.51206340728452,14.444444444444445,47.64589049714086,10.444444444444445,0.0511,0,0.7428063837496977,12.592592592592593,0.22549999999999998,0.15881963499046953,0.47555555555555556,0.1750509537798054,200.0,193.92886666666666,28.423266666666812,8.0,1,0.00075,0.0007496484045781894,0.002795668238710831,2.055877688909525,1.4954982575547224,2.3563439948730647,25.600511822702572,0.6855296094373924,0.7559428549119414,4.117818181818182,27.195231475986535,0.15,18.32,29.39832828192497,0.00833,0.5777777777777777,0.09394444444444444,0.9995312061042525,0.45296000000000003,0.022166666666666668,20.0,0.13028888888888887,14.444444444444445,8.88888888888889,47,47.177043525636975,2.0182168026953007,4.323232323232323,1.248888888888889,0.006388888888888889,14.444444444444445,17.273601205940228,16.0
0.6106373532509874,352.3834603341091,0,12.906417418480933,206.77777777777777,0,3.9360334109012354,3.9360334109012354,5.175254995226651,5.544614449540902,7.482579312797452,0.528,300,300,35.68468399161798,2.838842598164942,0.21727999999999997,18.593589627572772,0.2350326778774523,12.50015317617489,10.028618192048095,51.14595277944528,17.522035170296522,15.461268787827303,0.041064874666666626,2.726082933774959,47687.24450267301,0.06197863209190924,6.804521111111111,1.0,0.09353333333333323,0,0,0.512,17.015341433938772,0.6106373532509874,0.036299395059069386,31.365704499954074,20.0,67.78023901426813,16.0,0.0524,0,0.7717712570394579,19.074074074074073,0.247,0.22593413004756044,0.73,0.6106373532509874,200.0,194.0,64.16386666666659,8.0,1,0.00075,0.0007590289354423869,0.004623425771199116,3.1758249667176286,2.1750661705651266,8.852153659546152,42.71538204388493,2.0689604323978035,3.335239024639247,4.158545454545454,44.280720414060596,0.15,18.48,56.971735160468135,0.00822,0.8,0.09366666666666666,1.012038580589849,0.45744,0.022000000000000002,22.77777777777778,0.1976,20.0,17.22222222222222,48,72.09097093890847,8.761017585148261,6.636363636363636,1.2533333333333334,0.006333333333333333,20.0,15.525764985679952,16.0
0.6646017569431035,388.0681443257271,0,15.745260016645876,222.77777777777777,0,4.194378285567902,4.194378285567902,4.529266707474467,0.8024025222053414,7.429509405701016,0.5315000000000001,300,300,12.470087310703727,0.41403970145795616,0.1946466666666667,17.162067006681102,0.2515049176977563,11.00133698797475,5.1255084742511485,26.140093218680857,6.00849114317685,13.67000590797713,0.12362939555555555,2.417164002304623,47872.7074593959,0.05720689002227034,7.12916111111111,1.0,0.31433333333333324,0,0,0.516,16.057533614667438,0.6646017569431035,0.03766221520531089,29.053778579111402,18.333333333333336,86.37382864184092,14.333333333333336,0.0537,0,0.8224271148172357,16.48148148148148,0.26849999999999996,0.2879127621394697,0.6533333333333334,0.6646017569431035,200.0,194.0,215.6326666666666,8.0,1,0.00075,0.0007572814904835391,0.003882424752226751,2.6228766789653575,1.9217735000655125,3.319519159510609,46.50436432098354,0.7103089997931935,1.0542467420633388,4.199272727272727,49.39137541333333,0.15,18.64,51.58843922235068,0.008110000000000001,0.7333333333333334,0.09338888888888888,1.0097086539780522,0.46192,0.021833333333333333,23.88888888888889,0.1969,18.333333333333336,12.777777777777779,49,75.58757569466744,3.004245571588425,5.9393939393939394,1.2577777777777779,0.006277777777777778,18.333333333333336,13.587800122423403,16.0
0.9235516856824045,400.5382316364308,0,16.15929971810383,237.11111111111111,0,4.512654347790124,4.512654347790124,2.3202310796425762,7.571517256760475,0.6136762671814845,0.535,300,300,46.860081607015175,3.9371889735154473,0.14937999999999999,9.210602007378485,0.2169304734081034,8.825019549823724,11.3357412049592,57.812280145291915,18.020129099026718,10.95219853827674,0.15458232533333333,1.910248515044912,48056.90432068598,0.030702006691261618,7.419984444444444,1.0,0.5121333333333333,0,0,0.52,13.528952268865767,0.9235516856824045,0.03908363988783444,17.644831431759552,15.0,103.53589564852201,11.0,0.055,0,0.8848341858412009,12.407407407407407,0.29,0.34511965216174006,0.5,0.9235516856824045,200,194.0,351.32346666666666,8.0,1,0.00075,0.000755786321553498,0.0027936265910395246,1.9556161118667095,1.5134011122714972,9.645021763297478,43.890402044898174,2.9651102834669327,3.1924563094362552,4.24,44.8389006060606,0.15,18.8,59.69299040109884,0.008,0.6,0.09311111111111112,1.0077150954046639,0.46640000000000004,0.021666666666666667,22.77777777777778,0.174,15.0,7.222222222222222,50,67.15330742038091,9.010064549513359,4.545454545454545,1.2622222222222221,0.006222222222222223,15.0,6.960693238927728,16.0
0.5221722329575829,447.39831324344595,0,20.096488691619278,248.11111111111111,0,4.816616673123457,4.816616673123457,4.63951140950224,11.772054358669573,5.544614449540902,0.5385,300,300,56.83862259598951,6.180328538301526,0.11920222222222222,19.095530428940883,0.18684901922344496,8.18658087049,13.106242062869063,66.84183452063222,21.965500975277653,10.003211924642704,0.15991645807407412,1.62978203492926,48239.78050503797,0.06365176809646961,7.643174444444444,1.0,0.6639333333333334,0,0,0.525,13.412527276385765,0.5221722329575829,0.04592332708762517,35.480361257786846,12.777777777777779,112.7464976559005,8.777777777777779,0.056,0,0.9444346417889132,10.555555555555557,0.351,0.37582165885300167,0.40222222222222226,0.5221722329575829,198.0,194.0,455.4582666666667,8.0,1,0.00075,0.0007427094600823045,0.0022096653183108594,1.6996538080704693,1.2866700275757317,12.401414397311646,40.1483669272161,3.9568023988322345,3.3707572325247788,4.295999999999999,40.37262622599327,0.15,19.02,59.87734095588476,0.00781,0.5111111111111112,0.09283333333333334,0.9902792801097393,0.47256,0.021500000000000002,19.444444444444446,0.1794,12.777777777777779,6.111111111111112,51,61.73771915894469,10.982750487638826,3.656565656565656,1.2666666666666666,0.006166666666666667,12.777777777777779,13.918534228506719,16.0
0,504.2369358394355,0,26.276817229920805,256.8888888888889,0,5.095735353419753,5.095735353419753,6.71532471254513,0.0,0.8024025222053414,0.542,300,300,0,0.0,0.0,28.467143521841273,4.5437368572705e-42,4.780275807346952e-30,-1265.1242762390482,-6452.133808819145,-999.0,5.557353613636361e-30,0.0,7.770778062848657e-31,48421.28182229165,0.09489047840613757,7.821275555555555,0.9993111111111111,0.7320222222222224,0,0,0.53,0.029817073380589552,0,0.05267682963904155,23031.669516052807,-999.0,131.8420280848414,0,0.057,0,0.999163794788187,-999.0,0.41200000000000003,0.4394734269494713,0,0,196.0,193.86635555555557,502.1672444444445,8.0,1,0.00075,11.447374088730001,4.595132445774747e-44,9.380934204400752e-31,6.113374350143174e-31,0.001490853669029478,0.0,0.021760000000000446,0.0,4.352,0.0,0.15,19.240000000000002,0.023250853669029924,0.00762,0.001,0.09255555555555556,15263.165451640001,0.47872000000000003,0.021333333333333336,-999.0,0.00041200000000000004,-999.0,-999.0,52,4.3818170733805895,-499.5,0.0,1.271111111111111,0.006111111111111111,-999.0,20.145974137635392,16.0
0,504.2369358394355,0,26.276817229920805,256.8888888888889,0,5.095735353419753,5.095735353419753,6.447857205143349,0.0,7.571517256760475,0.5455,300,300,0,0.0,0.0,27.50982026361589,7.109977527460732e-42,4.720441728176399e-30,-1265.1100405888462,-6452.061207003116,-999.0,5.493147545539181e-30,0.0,7.727058173556724e-31,48601.354489689606,0.09169940087871963,7.821275555555555,0.9993111111111111,0.7320222222222224,0,0,0.535,0.033911814380636944,0,0.06047606897880255,19386.76551347138,-999.0,160.30917160668267,0,0.058,0,0.999163794788187,-999.0,0.473,0.5343639053556088,0,0,194.0,193.86635555555557,502.1672444444445,8.0,1,0.00075,11.447374088730001,5.91355437845649e-44,9.263514293395369e-31,6.057798219687327e-31,0.0016955907190318517,0.0,0.022039999999999615,0.0,4.408,0.0,0.15,19.46,0.023735590719031467,0.00743,0.001,0.09227777777777778,15263.165451640001,0.48488000000000003,0.021166666666666667,-999.0,0.000473,-999.0,-999.0,53,4.441911814380637,-499.5,0.0,1.2755555555555556,0.006055555555555555,-999.0,19.343571615430047,16.0
0,504.2369358394355,0,26.276817229920805,256.8888888888889,0,5.095735353419753,5.095735353419753,3.9240181195565245,0.0,11.772054358669573,0.549,300,300,0,0.0,0.0,16.849264021926444,1.0713116666190675e-41,4.661145415246231e-30,-1265.096026220616,-6451.989733725141,-999.0,5.429429842678573e-30,0.0,7.6828442742162945e-31,48779.94514781419,0.056164213406421484,7.821275555555555,0.9993111111111111,0.7320222222222224,0,0,0.54,0.03793072684364642,0,0.06827530831856356,10517.642960004023,-999.0,187.81899187029853,0,0.059000000000000004,0,0.999163794788187,-999.0,0.534,0.6260633062343285,0,0,192.0,193.86635555555557,502.1672444444445,8.0,1,0.00075,11.447374088730001,7.605277513567455e-44,9.14714970846775e-31,6.00222208923148e-31,0.0018965363421823214,0.0,0.022319999999999673,0.0,4.4639999999999995,0.0,0.15,19.68,0.024216536342181995,0.00724,0.001,0.092,15263.165451640001,0.49104000000000003,0.021,-999.0,0.0005340000000000001,-999.0,-999.0,54,4.501930726843646,-499.5,0.0,1.28,0.006,-999.0,11.772054358669573,16.0
1,504.2369358394355,0,26.276817229920805,256.8888888888889,0,5.095735353419753,5.095735353419753,0.0,0.0,0.0,0.5525,300,300,0,0.0,0.0,0.0,2.212674310865562e-41,4.565569889409887e-30,-1265.0822335364444,-6451.919391035866,-999.0,5.338522711811935e-30,0.0,7.729528223799207e-31,48957.00087639911,0.0,7.821275555555555,0.9993111111111111,0.7320222222222224,0,0,0.545,0.04187589779357314,1,0.07607454765832455,0.0,-999.0,204.668255892225,0,0.06,0,0.999163794788187,-999.0,0.595,0.68222751964075,0,1,190.0,193.86635555555557,502.1672444444445,8.0,1,0.00075,11.447374088730001,1.4414704428032848e-43,8.959589878124123e-31,6.00222208923148e-31,0.00209379488967866,0.0,0.02259999999999973,0.0,4.52,0.0,0.15,19.9,0.02469379488967839,0.007050000000000001,0.001,0.09133333333333334,15263.165451640001,0.4972,0.020666666666666667,-999.0,0.0005949999999999999,-999.0,-999.0,55,4.5618758977935725,-499.5,0.0,1.287777777777778,0.006,-999.0,0.0,16.0
1,504.2369358394355,0,26.276817229920805,256.8888888888889,0,5.095735353419753,5.095735353419753,0.0,0.0,0.0,0.5559999999999999,300,300,0,0.0,0.0,0.0,4.1907583343748765e-41,4.470881221179374e-30,-1265.0686628791273,-6451.850180683548,-999.0,5.2485024385594935e-30,0.0,7.776212173382118e-31,49132.46921001081,0.0,7.821275555555555,0.9993111111111111,0.7320222222222224,0,0,0.55,0.045749338362592123,1,0.08387378699808556,0.0,-999.0,204.668255892225,0,0.061,0,0.999163794788187,-999.0,0.656,0.68222751964075,0,1,188.0,193.86635555555557,502.1672444444445,8.0,1,0.00075,11.447374088730001,2.7301145235286914e-43,8.773770439587215e-31,6.00222208923148e-31,0.002287466918129609,0.0,0.02295636363636344,0.0,4.591272727272727,0.0,0.15,20.12,0.02524383055449305,0.006860000000000001,0.001,0.09066666666666666,15263.165451640001,0.50504,0.020333333333333335,-999.0,0.000656,-999.0,-999.0,56,4.637022065635319,-499.5,0.0,1.2955555555555556,0.006,-999.0,0.0,16.0
1,504.2369358394355,0,26.276817229920805,256.8888888888889,0,5.095735353419753,5.095735353419753,0.0,0.0,0.0,0.5595,300,300,0,0.0,0.0,0.0,7.931118897452966e-41,4.3770761803264474e-30,-1265.0553145351612,-6451.782104129322,-999.0,5.159365792702262e-30,0.0,7.822896122965029e-31,49306.29815359511,0.0,7.821275555555555,0.9993111111111111,0.7320222222222224,0,0,0.555,0.0495529872096468,1,0.09167302633784659,0.0,-999.0,204.668255892225,0,0.062,0,0.999163794788187,-999.0,0.7170000000000001,0.68222751964075,0,1,186.0,193.86635555555557,502.1672444444445,8.0,1,0.00075,11.447374088730001,5.1668125819044875e-43,8.589685053775383e-31,6.00222208923148e-31,0.002477649360482344,0.0,0.02337636363636353,0.0,4.675272727272726,0.0,0.15,20.34,0.025854012996845872,0.006670000000000001,0.001,0.09,15263.165451640001,0.51428,0.02,-999.0,0.0007170000000000001,-999.0,-999.0,57,4.724825714482373,-499.5,0.0,1.3033333333333332,0.006,-999.0,0.0,16.0
1,504.2369358394355,0,26.276817229920805,256.8888888888889,0,5.095735353419753,5.095735353419753,0.0,0.0,0.0,0.563,300,300,0,0.0,0.0,0.0,1.4997668758271218e-40,4.2841510712256105e-30,-1265.0421887376558,-6451.7151625620445,-999.0,5.0711090786303814e-30,0.0,7.869580072547941e-31,49478.43619788451,0.0,7.821275555555555,0.9993111111111111,0.7320222222222224,0,0,0.5599999999999999,0.053288713755861215,1,0.09947226567760759,0.0,-999.0,204.668255892225,0,0.063,0,0.999163794788187,-999.0,0.778,0.68222751964075,0,1,184.0,193.86635555555557,502.1672444444445,8.0,1,0.00075,11.447374088730001,9.770392379864222e-43,8.407326468299638e-31,6.00222208923148e-31,0.0026644356877930653,0.0,0.023796363636363616,0.0,4.759272727272727,0.0,0.15,20.56,0.02646079932415668,0.0064800000000000005,0.001,0.08933333333333333,15263.165451640001,0.52352,0.01966666666666667,-999.0,0.000778,-999.0,-999.0,58,4.8125614410285875,-499.5,0.0,1.3111111111111111,0.006,-999.0,0.0,16.0
